_unit_id,_created_at,_updated_at,address_1,city,postal_code,state,title,url,can_you_find_the_official_website_for_this_company_gold,can_you_find_the_official_website_for_this_company_gold_reason,copy_and_paste_the_url_here_gold,copy_and_paste_the_url_here_gold_reason,what_kind_of_business_is_this_company_gold,what_kind_of_business_is_this_company_gold_reason
2787,8/14/2020 18:20:45,8/14/2020 18:20:45,86 ROBBINS RD,SPRINGFIELD,1104,MA,NOONAN ENERGY CORP,https://noonanenergy.com,,,,,,
2788,8/14/2020 18:20:45,8/14/2020 18:20:45,34 NEWMARKET SQ,BOSTON,2118,MA,STEVE CONNOLLY SEAFOODS CO INC,http://steveconnollyseafood.com,,,,,,
2789,8/14/2020 18:20:45,8/14/2020 18:20:45,147 MILK ST,BOSTON,2109,MA,HARVARD VAN GUARD,http://harvardvanguard.org,,,,,,
2790,8/14/2020 18:20:45,8/14/2020 18:20:45,1001 SOUTHBRIDGE ST,WORCESTER,1610,MA,"POLAR BEVERAGES, INC.",http://polarbeverages.com,,,,,,
2791,8/14/2020 18:20:45,8/14/2020 18:20:45,21 MAIN ST,FRANKLIN,2038,MA,DEAN CO-OPERATIVE BANK INC,https://deanbank.com,,,,,,
